{
    "id": "fvtt-mcp-module",
    "title": "Foundry MCP API",
    "description": "Adds mcp endpoint to get data from FoundryVTT",
    "version": "1.0.0",
    "authors": [
        {
            "name": "Slamon",
            "url": "https://github.com/darkbard81"
        }
    ],
    "license": "MIT",
    "url": "https://github.com/darkbard81/fvtt-mcp-module",
    "bugs": "https://github.com/darkbard81/fvtt-mcp-module/issues",
    "compatibility": {
        "minimum": "13",
        "verified": "13"
    },
    "languages": [
        {
            "lang": "en",
            "name": "English",
            "path": "languages/en.json"
        }
    ],
    "styles": [
        "styles/style.css"
    ],
    "esmodules": [
        "scripts/module.js"
    ],
    "manifest": "https://github.com/darkbard81/fvtt-mcp-module/releases/latest/download/module.json",
    "download": "https://github.com/darkbard81/fvtt-mcp-module/releases/download/v1.0.0/module.zip"
}